# Wichtiger Bildteil, von Hand markiert am 2026-09-28 in der Galerie files/dsb/galerien/2026/dssam auf schachbund.de
# Spalten: datei;x;y;breite;höhe (Bruchteile der Bildgröße wie in tl_files). Die Fotos selbst liegen nicht im Repository.
abschlussfoto.jpg;0.0547;0.0000;0.8266;0.8617
dssam-6019.jpg;0.0870;0.0485;0.8813;0.7557
dssam-6031.jpg;0.0856;0.0310;0.9099;0.5674
dssam-6039.jpg;0.1399;0.0058;0.8601;0.7176
dssam-6044.jpg;0.0512;0.0340;0.8712;0.8651
dssam-6046.jpg;0.1099;0.0063;0.4564;0.8804
dssam-6047.jpg;0.0441;0.0193;0.8627;0.8651
dssam-6049.jpg;0.2587;0.0221;0.6409;0.9237
dssam-6052.jpg;0.3645;0.0147;0.5722;0.9567
dssam-6053.jpg;0.4103;0.0378;0.5897;0.9008
dssam-6055.jpg;0.2816;0.0254;0.6552;0.9008
dssam-6056.jpg;0.0126;0.0307;0.9714;0.8524
dssam-6059.jpg;0.0427;0.0513;0.9285;0.8117
dssam-6060.jpg;0.1414;0.0261;0.8140;0.9109
dssam-6063.jpg;0.1914;0.0416;0.6724;0.8473
dssam-6066.jpg;0.1857;0.0292;0.6910;0.8651
dssam-6067.jpg;0.2887;0.0065;0.5622;0.9440
dssam-6069.jpg;0.1213;0.0195;0.4778;0.9211
dssam-6074.jpg;0.2959;0.0096;0.5579;0.9338
dssam-6075.jpg;0.2572;0.0582;0.7096;0.9109
dssam-6078.jpg;0.4575;0.0152;0.4621;0.9313
dssam-6079.jpg;0.0241;0.0053;0.8798;0.9288
dssam-6081.jpg;0.0841;0.0310;0.7554;0.8651
dssam-6088.jpg;0.5047;0.0261;0.4953;0.9109
dssam-6090.jpg;0.3746;0.0111;0.5851;0.9517
dssam-6096.jpg;0.0098;0.0165;0.9814;0.8804
dssam-6099.jpg;0.0841;0.0116;0.4821;0.9313
dssam-6101.jpg;0.0284;0.0271;0.6137;0.9033
dssam-6102.jpg;0.3688;0.0096;0.5322;0.9262
dssam-6103.jpg;0.5276;0.0124;0.4492;0.9033
dssam-6104.jpg;0.4847;0.0075;0.4993;0.9211
dssam-6105.jpg;0.5534;0.0180;0.4466;0.9288
dssam-6106.jpg;0.4447;0.1429;0.4835;0.8571
dssam-6107.jpg;0.0698;0.0796;0.4578;0.8499
dssam-6110.jpg;0.5191;0.0366;0.4363;0.8728
dssam-6111.jpg;0.0398;0.0419;0.8999;0.8855
dssam-6113.jpg;0.4418;0.0320;0.5207;0.8473
dssam-6114.jpg;0.4203;0.0017;0.5536;0.9567
dssam-6115.jpg;0.4447;0.0019;0.5165;0.9695
dssam-6116.jpg;0.4189;0.0302;0.5551;0.8931
dssam-6117.jpg;0.4447;0.0254;0.4936;0.9415
dssam-6119.jpg;0.0799;0.0155;0.5007;0.8270
dssam-6121.jpg;0.0613;0.0106;0.5651;0.9160
dssam-6123.jpg;0.4361;0.0134;0.4735;0.9313
dssam-6125.jpg;0.1142;0.0984;0.7934;0.7825
dssam-6126.jpg;0.3078;0.0321;0.6684;0.9033
dssam-6127.jpg;0.1770;0.0321;0.8016;0.8888
dssam-6137.jpg;0.2364;0.0321;0.7472;0.8792
dssam-6149.jpg;0.0057;0.0335;0.8813;0.8753
dssam-6150.jpg;0.0686;0.0285;0.5706;0.9178
dssam-6151.jpg;0.2612;0.0188;0.6902;0.9178
dssam-6152.jpg;0.0354;0.0188;0.5978;0.9275
dssam-6153.jpg;0.1474;0.0104;0.5353;0.9709
dssam-6154.jpg;0.1011;0.0000;0.5079;0.9427
dssam-6156.jpg;0.0897;0.0104;0.5299;0.9323
dssam-6157.jpg;0.2154;0.0165;0.5081;0.9613
dssam-6158.jpg;0.1044;0.0106;0.7010;0.8931
dssam-6159.jpg;0.1933;0.0037;0.7146;0.9468
dssam-6160.jpg;0.2745;0.0230;0.6848;0.9226
dssam-6162.jpg;0.2779;0.0049;0.5896;0.9854
dssam-6163.jpg;0.3346;0.0146;0.6521;0.9709
dssam-6164.jpg;0.0354;0.0097;0.5924;0.9420
dssam-6167.jpg;0.0659;0.0158;0.5679;0.9178
dssam-6203.jpg;0.1933;0.0448;0.8067;0.9552
dssam-6205.jpg;0.1250;0.0400;0.8505;0.9323
dssam-6206.jpg;0.0523;0.0605;0.9048;0.8647
dssam-6207.jpg;0.1580;0.0364;0.8288;0.9226
dssam-6208.jpg;0.0734;0.0267;0.5842;0.8936
dssam-6210.jpg;0.0442;0.0135;0.9558;0.9420
dssam-6212.jpg;0.3101;0.0230;0.6277;0.9709
dssam-6214.jpg;0.0299;0.0182;0.6114;0.9818
dssam-6215.jpg;0.0355;0.0103;0.9645;0.8092
dssam-6216.jpg;0.0387;0.0291;0.5625;0.9420
dssam-6218.jpg;0.0629;0.0049;0.8994;0.8985
dssam-6219.jpg;0.0408;0.0097;0.5679;0.9758
dssam-6224.jpg;0.4137;0.0158;0.5863;0.9564
dssam-6227.jpg;0.0357;0.0158;0.6059;0.9842
dssam-6229.jpg;0.0653;0.0207;0.5489;0.9420
dssam-6230.jpg;0.0143;0.0171;0.9857;0.8985
dssam-6231.jpg;0.0493;0.0026;0.4456;0.9323
dssam-6237.jpg;0.3506;0.0122;0.6413;0.9613
dssam-6241.jpg;0.4137;0.0135;0.5863;0.9468
dssam-6246.jpg;0.3130;0.0081;0.6870;0.7735
dssam-6248.jpg;0.0493;0.0182;0.5516;0.9613
dssam-6250.jpg;0.3669;0.0037;0.6195;0.9468
dssam-6251.jpg;0.3648;0.0097;0.6352;0.9661
dssam-6253.jpg;0.2993;0.0049;0.6875;0.9564
dssam-6261.jpg;0.3587;0.0146;0.6413;0.9709
dssam-6263.jpg;0.0849;0.0158;0.9151;0.9758
dssam-6264.jpg;0.0629;0.0013;0.9184;0.9420
dssam-6266.jpg;0.0082;0.0110;0.9728;0.9468
dssam-6267.jpg;0.3838;0.0000;0.6087;1.0000
dssam-6268.jpg;0.0710;0.0171;0.8885;0.9130
dssam-6269.jpg;0.0327;0.0074;0.9646;0.9516
dssam-6270.jpg;0.0550;0.0328;0.8804;0.9130
dssam-6271.jpg;0.0710;0.0037;0.5027;0.9758
dssam-6272.jpg;0.0571;0.0037;0.5516;0.9854
dssam-6273.jpg;0.4545;0.0194;0.5455;0.9806
dssam-6275.jpg;0.4705;0.0049;0.5295;0.9178
dssam-6276.jpg;0.0299;0.0097;0.6114;0.9903
dssam-6278.jpg;0.4137;0.0062;0.5863;0.9854
dssam-6280.jpg;0.0275;0.0062;0.5679;0.9709
dssam-6327.jpg;0.4294;0.0158;0.5706;0.9842
dssam-6328.jpg;0.0252;0.0219;0.9748;0.9178
dssam-6329.jpg;0.4379;0.0122;0.5326;0.9854
dssam-6331.jpg;0.3995;0.0074;0.5978;0.9903
dssam-6332.jpg;0.4626;0.0038;0.5108;0.9661
dssam-6333.jpg;0.4487;0.0000;0.5109;0.9601
dssam-6334.jpg;0.4267;0.0230;0.5271;0.9033
dssam-6335.jpg;0.0605;0.0049;0.5326;0.9468
dssam-6336.jpg;0.0899;0.0050;0.4378;0.9313
dssam-6337.jpg;0.0656;0.0194;0.5924;0.8985
dssam-6338.jpg;0.0490;0.0146;0.5570;0.9613
dssam-6339.jpg;0.4904;0.0109;0.5093;0.9288
dssam-6340.jpg;0.0326;0.0518;0.9542;0.8473
dssam-6341.jpg;0.0527;0.0012;0.4707;0.8957
dssam-6342.jpg;0.2358;0.0320;0.6938;0.8677
dssam-6343.jpg;0.4275;0.0042;0.5107;0.9389
dssam-6344.jpg;0.0326;0.0121;0.4621;0.9440
dssam-6347.jpg;0.2887;0.0207;0.7113;0.9793
dssam-6348.jpg;0.2884;0.0158;0.7116;0.9842
dssam-6355.jpg;0.0680;0.0110;0.5407;0.9661
dssam-6357.jpg;0.3241;0.0171;0.6759;0.9829
dssam-6360.jpg;0.1009;0.0122;0.8991;0.9709
dssam-6364.jpg;0.0843;0.0122;0.5652;0.9468
dssam-6378.jpg;0.0306;0.0135;0.5570;0.9865
dssam-6379.jpg;0.0275;0.0133;0.7146;0.9806
dssam-6381.jpg;0.0788;0.0037;0.5598;0.9613
dssam-6382.jpg;0.0000;0.0194;0.9490;0.9275
dssam-6383.jpg;0.2694;0.0146;0.7038;0.9516
dssam-6385.jpg;0.0354;0.0097;0.5733;0.9564
dssam-6386.jpg;0.0415;0.0255;0.9510;0.8888
dssam-6387.jpg;0.0493;0.0255;0.6902;0.9226
dssam-6389.jpg;0.2854;0.0351;0.6820;0.9468
dssam-6394.jpg;0.3567;0.0171;0.6433;0.9829
dssam-6395.jpg;0.3237;0.0219;0.6763;0.9758
dssam-6398.jpg;0.3071;0.0074;0.6657;0.9613
dssam-6400.jpg;0.3730;0.0183;0.6270;0.9817
dssam-6401.jpg;0.3237;0.0133;0.6763;0.9661
dssam-6402.jpg;0.0408;0.0278;0.5516;0.9371
dssam-6403.jpg;0.0768;0.0097;0.5652;0.9903
dssam-6405.jpg;0.0466;0.0097;0.5516;0.9661
dssam-6425.jpg;0.0571;0.0146;0.5326;0.9758
dssam-6428.jpg;0.3757;0.0255;0.6243;0.9564
dssam-6429.jpg;0.4080;0.0158;0.5896;0.9842
dssam-6430.jpg;0.1658;0.0303;0.8342;0.9516
dssam-6431.jpg;0.3404;0.0122;0.6596;0.9806
dssam-6432.jpg;0.0520;0.0122;0.7962;0.9564
dssam-6435.jpg;0.0299;0.0171;0.6739;0.9613
dssam-6436.jpg;0.4355;0.0135;0.5645;0.9758
dssam-6437.jpg;0.0384;0.0085;0.6413;0.9915
dssam-6438.jpg;0.0299;0.0085;0.5435;0.9903
dssam-6440.jpg;0.4355;0.0146;0.5645;0.9854
dssam-6441.jpg;0.0000;0.0000;0.6063;0.9565
dssam-6443.jpg;0.0000;0.0000;0.5734;0.9469
dssam-6444.jpg;0.0000;0.0000;0.5632;0.9771
dssam-6445.jpg;0.0000;0.0000;0.8781;0.9385
dssam-6447.jpg;0.3777;0.0000;0.6114;0.9868
dssam-6450.jpg;0.4382;0.0171;0.5618;0.9829
dssam-6451.jpg;0.1036;0.0219;0.8964;0.9781
dssam-6452.jpg;0.3669;0.0074;0.6195;0.9806
dssam-6454.jpg;0.0387;0.0135;0.5815;0.9758
dssam-6456.jpg;0.0000;0.0000;0.5302;0.9504
dssam-6457.jpg;0.0000;0.0000;0.5625;0.9553
dssam-6461.jpg;0.1909;0.0000;0.7880;0.9614
dssam-6462.jpg;0.0085;0.0049;0.6168;0.9613
dssam-6464.jpg;0.0109;0.0049;0.9782;0.9516
dssam-6466.jpg;0.0143;0.0158;0.5570;0.9516
dssam-6467.jpg;0.3891;0.0131;0.5937;0.8575
dssam-6468.jpg;0.1335;0.0255;0.8665;0.9709
dssam-6469.jpg;0.0000;0.0000;0.6957;0.9723
dssam-6473.jpg;0.0442;0.0122;0.9558;0.9033
dssam-6474.jpg;0.0574;0.0074;0.9402;0.9420
dssam-6475.jpg;0.0517;0.0267;0.8940;0.8936
dssam-6476.jpg;0.0632;0.0087;0.8967;0.9806
dssam-6478.jpg;0.0384;0.0037;0.6223;0.9854
dssam-6479.jpg;0.0218;0.0133;0.6739;0.9516
dssam-6480.jpg;0.2670;0.0000;0.7174;0.9758
dssam-6481.jpg;0.0275;0.0242;0.9592;0.9468
dssam-6482.jpg;0.0462;0.0049;0.5489;0.9806
dssam-6483.jpg;0.3811;0.0000;0.6189;0.9771
dssam-6484.jpg;0.0000;0.0000;0.5955;0.9723
dssam-6485.jpg;0.4104;0.0000;0.5896;0.9868
dssam-6486.jpg;0.4518;0.0000;0.5482;0.9735
dssam-6487.jpg;0.0000;0.0000;0.5656;0.9735
dssam-6488.jpg;0.3832;0.0000;0.6114;0.9590
dssam-6489.jpg;0.2643;0.0425;0.7357;0.9575
dssam-6490.jpg;0.0000;0.0000;0.6335;0.9746
dssam-6491.jpg;0.3805;0.0000;0.6005;0.9408
dssam-6492.jpg;0.0000;0.0000;0.5822;0.9662
dssam-6493.jpg;0.4052;0.0146;0.5733;0.9178
dssam-6494.jpg;0.0000;0.0000;0.6495;0.9517
dssam-6497.jpg;0.0550;0.0158;0.7608;0.9420
dssam-6526.jpg;0.0112;0.0738;0.9888;0.7101
dssam-6543.jpg;0.0000;0.0000;0.9864;0.6438
dssam-6553.jpg;0.2914;0.0000;0.2935;0.6982
dssam-6567.jpg;0.0085;0.0267;0.8777;0.6666
dssam-6582.jpg;0.0055;0.0605;0.9945;0.6328
dssam-6593.jpg;0.0034;0.0280;0.9966;0.6763
dssam-6615.jpg;0.0058;0.0423;0.9891;0.6473
dssam-6622.jpg;0.0055;0.0133;0.9836;0.6376
dssam-6631.jpg;0.0116;0.0436;0.9884;0.6714
dssam-6641.jpg;0.0000;0.0000;0.9895;0.6039
dssam-6655.jpg;0.0028;0.0242;0.9972;0.6570
dssam-6666.jpg;0.0197;0.0207;0.9803;0.6086
dssam-6689.jpg;0.0058;0.0303;0.9942;0.6569
